title,text,subject,date
"Scientists in Geneva Develop New Vaccine for Meningitis","A team in Geneva has developed a new meningitis vaccine, showing 87% efficacy in early clinical trials.","News","March 16, 2025"
"WHO Reports 20% Decline in Global Cholera Cases","The World Health Organization announces a 20% drop in cholera cases in 2024 due to improved water sanitation.","News","March 15, 2025"
"AI Tool in Boston Detects Early Signs of Alzheimer’s Disease","A new AI system in Boston can detect Alzheimer’s disease up to five years earlier than traditional methods.","News","March 14, 2025"
"London Researchers Link Noise Pollution to Increased Hypertension","A study in London finds that noise pollution increases hypertension risk by 18% in urban populations.","News","March 13, 2025"
"Stem Cell Therapy Improves Vision in Blind Patients in Tokyo","Scientists in Tokyo used stem cell therapy to improve vision in 75% of blind patients in a recent trial.","News","March 12, 2025"
"UN Initiative in Kinshasa Reduces Infant Mortality by 15%","A UN program in Kinshasa has lowered infant mortality rates by 15% through better neonatal care in 2024.","News","March 11, 2025"
"FDA Approves New Wearable for Asthma Monitoring in Atlanta","A wearable device in Atlanta monitors asthma symptoms in real-time, gaining FDA approval for public use.","News","March 10, 2025"
"Amsterdam Study Finds Link Between Sleep and Anxiety Reduction","Researchers in Amsterdam discover that better sleep reduces anxiety symptoms by 35% in adults.","News","March 9, 2025"
"CDC Announces 12% Drop in U.S. Smoking Rates in 2024","The CDC reports a 12% decline in smoking rates across the U.S. due to new anti-smoking campaigns.","News","March 8, 2025"
"New Chikungunya Vaccine Shows 85% Efficacy in Singapore","A chikungunya vaccine developed in Singapore proves 85% effective in protecting against the virus in trials.","News","March 7, 2025"
"Scientists in Paris Develop New Drug for Rheumatoid Arthritis","A new drug in Paris reduces rheumatoid arthritis symptoms by 40% in patients, according to recent trials.","News","March 6, 2025"
"Global Health Experts Warn of Rising Obesity in Children","The WHO reports a 22% increase in childhood obesity globally, calling for urgent dietary interventions.","News","March 5, 2025"
"Smartwatch in Berlin Predicts Seizures with 90% Accuracy","A smartwatch developed in Berlin can predict seizures in epilepsy patients with 90% accuracy.","News","March 4, 2025"
"European Union Reports Decline in Alcohol-Related Deaths","The EU announces a 10% drop in alcohol-related deaths in 2024, thanks to stricter drinking laws.","News","March 3, 2025"
"New Malaria Vaccine Candidate Shows Promise in Nairobi","A malaria vaccine candidate in Nairobi demonstrates 78% efficacy in protecting against the disease.","News","March 2, 2025"
"Stockholm Study Links Urban Green Spaces to Lower Stress Levels","A study in Stockholm finds that urban green spaces reduce stress levels by 25% in city dwellers.","News","March 1, 2025"
"Scientists in London Perform First Synthetic Organ Transplant","A 60-year-old patient in London receives a synthetic kidney transplant, a first in medical history.","News","February 28, 2025"
"Child Vaccination Rates Increase by 18% in Developing Countries","A UN program reports an 18% rise in child vaccination rates in developing nations in 2024.","News","February 27, 2025"
"New Wearable in Tokyo Detects Early Signs of Pneumonia","A wearable device in Tokyo can detect early pneumonia signs, reducing hospital admissions by 20%.","News","February 26, 2025"
"Gene Therapy Restores Mobility in Paralysis Patients in Boston","A gene therapy trial in Boston restores partial mobility in 70% of paralysis patients, a major breakthrough.","News","February 25, 2025"
"Obesity Rates Drop in Europe Due to New Health Policies","The EU reports a 7% decrease in obesity rates following new food regulations introduced in 2024.","News","February 24, 2025"
"Researchers in Singapore Develop Vaccine for Yellow Fever","A yellow fever vaccine in Singapore shows 90% efficacy in protecting against the virus in early trials.","News","February 23, 2025"
"AI-Powered Tool Enhances Prostate Cancer Detection in London","An AI tool in London improves prostate cancer detection accuracy by 22%, gaining approval for use.","News","February 22, 2025"
"Global Initiative Reduces Tuberculosis Transmission by 15%","A WHO initiative in Geneva has lowered tuberculosis transmission rates by 15% through early detection.","News","February 21, 2025"
"New Study in Paris Links Meditation to Lower Blood Pressure","A Paris study finds that daily meditation reduces blood pressure by 10% in adults with hypertension.","News","February 20, 2025"
"Health Experts in Atlanta Report Decline in Cancer Deaths","The CDC in Atlanta announces an 8% drop in cancer deaths due to better screening programs.","News","February 19, 2025"
"Scientists in Berlin Develop New Treatment for Crohn’s Disease","A new treatment in Berlin reduces Crohn’s disease symptoms by 35% in patients, per recent trials.","News","February 18, 2025"
"Air Quality Improvements Lower Allergies in Shanghai","Shanghai reports a 15% decrease in allergy cases following air quality improvements in 2024.","News","February 17, 2025"
"New RSV Vaccine Shows 92% Efficacy in Geneva Trials","A respiratory syncytial virus vaccine in Geneva demonstrates 92% efficacy in protecting infants.","News","February 16, 2025"
"Researchers in Boston Link Diet to Reduced Alzheimer’s Risk","A Boston study finds that a Mediterranean diet reduces Alzheimer’s risk by 28% in older adults.","News","February 15, 2025"
"Global Campaign in Nairobi Reduces HIV Cases by 20%","A WHO campaign in Nairobi has lowered HIV cases by 20% through expanded testing programs.","News","February 14, 2025"
"New Device in San Francisco Monitors Kidney Function in Real-Time","A device in San Francisco monitors kidney function in real-time, improving outcomes by 30%.","News","February 13, 2025"
"Scientists in London Develop New Therapy for Bipolar Disorder","A new therapy in London reduces bipolar disorder symptoms by 45% in patients, using neuromodulation.","News","February 12, 2025"
"Childhood Obesity Rates Drop by 10% in Developing Nations","A UN program reports a 10% decrease in childhood obesity in developing nations in 2024.","News","February 11, 2025"
"New Study in Tokyo Links Exercise to Reduced Cancer Risk","A Tokyo study shows that regular exercise reduces cancer risk by 18% in adults over 40.","News","February 10, 2025"
"Researchers in Berlin Find New Biomarker for Early Parkinson’s Detection","A biomarker in Berlin allows for Parkinson’s detection up to three years earlier than current methods.","News","February 9, 2025"
"Global Health Experts Report Decline in Malaria Cases","The WHO announces a 20% decline in malaria cases globally due to better prevention strategies.","News","February 8, 2025"
"New Wearable in Singapore Tracks Sleep Patterns for Better Health","A wearable device in Singapore monitors sleep patterns, helping 65% of users improve their health.","News","February 7, 2025"
"Scientists in Boston Develop New Treatment for Migraines","A new treatment in Boston reduces migraine frequency by 50% in patients, using targeted therapy.","News","February 6, 2025"
"Air Pollution Reduction Lowers Heart Issues in Mumbai","Mumbai reports a 10% drop in heart issues following air pollution reduction efforts in 2024.","News","February 5, 2025"
"New Vaccine for Typhoid Shows 90% Efficacy in Kinshasa Trials","A typhoid vaccine in Kinshasa proves 90% effective in protecting against the disease in early trials.","News","February 4, 2025"
"Researchers in Paris Link Yoga to Lower Anxiety Levels","A Paris study finds that regular yoga practice lowers anxiety levels by 30% in adults.","News","February 3, 2025"
"Global Initiative in Geneva Reduces Measles Outbreaks by 22%","A WHO initiative in Geneva has decreased measles outbreaks by 22% through vaccination drives.","News","February 2, 2025"
"New AI Tool in London Predicts Heart Disease with 88% Accuracy","An AI tool in London predicts heart disease with 88% accuracy, aiding early intervention efforts.","News","February 1, 2025"
"Scientists in Tokyo Develop New Therapy for Chronic Fatigue","A new therapy in Tokyo reduces chronic fatigue symptoms by 40% in patients, using innovative methods.","News","January 31, 2025"
"Health Experts in Atlanta Report Drop in Diabetes Deaths","The CDC in Atlanta announces a 9% drop in diabetes deaths due to better management programs.","News","January 30, 2025"
"New Study in Berlin Links Nature Exposure to Better Mental Health","A Berlin study shows that nature exposure improves mental health outcomes by 22% in urban residents.","News","January 29, 2025"
"Global Campaign Reduces Smallpox Cases by 25% in 2024","A UN campaign reports a 25% reduction in smallpox cases globally through targeted vaccination efforts.","News","January 28, 2025"
"New Device in San Francisco Detects Early Signs of Liver Disease","A device in San Francisco detects early signs of liver disease, improving patient outcomes by 30%.","News","January 27, 2025"
"Scientists in London Develop New Vaccine for Influenza","An influenza vaccine in London shows 94% efficacy in protecting against all strains in trials.","News","January 26, 2025"
"WHO Reports Decline in Hepatitis B Cases Globally","The WHO announces a 18% decline in hepatitis B cases globally due to better vaccination efforts.","News","January 25, 2025"
"New Wearable in Tokyo Monitors Blood Pressure Non-Invasively","A wearable device in Tokyo monitors blood pressure non-invasively, helping 80% of users manage hypertension.","News","January 24, 2025"
"Scientists in Boston Develop New Treatment for Asthma","A new treatment in Boston reduces asthma attacks by 45% in patients, using advanced biologics.","News","January 23, 2025"
"Air Quality Improvements Lower COPD Rates in Delhi","Delhi reports a 12% decrease in COPD cases following air quality improvements in 2024.","News","January 22, 2025"
"New Vaccine for Rabies Shows 95% Efficacy in Nairobi Trials","A rabies vaccine in Nairobi proves 95% effective in protecting against the virus in early trials.","News","January 21, 2025"
"Researchers in Paris Link Diet to Lower Dementia Risk","A Paris study finds that a balanced diet lowers dementia risk by 25% in adults over 65.","News","January 20, 2025"
"Global Initiative in Geneva Reduces Polio Outbreaks by 20%","A WHO initiative in Geneva has decreased polio outbreaks by 20% through vaccination campaigns.","News","January 19, 2025"
"New AI Tool in London Predicts Stroke Risk with 90% Accuracy","An AI tool in London predicts stroke risk with 90% accuracy, aiding early prevention efforts.","News","January 18, 2025"
"Scientists in Tokyo Develop New Therapy for Osteoporosis","A new therapy in Tokyo reduces osteoporosis symptoms by 35% in patients, using bone-strengthening drugs.","News","January 17, 2025"
"Health Experts in Atlanta Report Drop in Lung Cancer Deaths","The CDC in Atlanta announces a 10% drop in lung cancer deaths due to better screening programs.","News","January 16, 2025"
"New Study in Berlin Links Social Interaction to Better Cognitive Health","A Berlin study shows that regular social interaction improves cognitive health by 20% in older adults.","News","January 15, 2025"
"Global Campaign Reduces Dengue Fever Cases by 18% in 2024","A UN campaign reports an 18% reduction in dengue fever cases globally through mosquito control.","News","January 14, 2025"
"New Device in San Francisco Detects Early Signs of Kidney Failure","A device in San Francisco detects early signs of kidney failure, improving outcomes by 25%.","News","January 13, 2025"
"Scientists in London Develop New Vaccine for Tetanus","A tetanus vaccine in London shows 93% efficacy in protecting against the disease in trials.","News","January 12, 2025"
"WHO Reports Decline in Tuberculosis Deaths Globally","The WHO announces a 15% decline in tuberculosis deaths globally due to better treatment access.","News","January 11, 2025"
"New Wearable in Singapore Tracks Stress Levels for Better Health","A wearable device in Singapore monitors stress levels, helping 75% of users improve their well-being.","News","January 10, 2025"
"Scientists in Boston Develop New Treatment for Allergies","A new treatment in Boston reduces allergy symptoms by 40% in patients, using immunotherapy.","News","January 9, 2025"
"Air Pollution Reduction Lowers Asthma Rates in Beijing","Beijing reports a 10% drop in asthma rates following air pollution reduction efforts in 2024.","News","January 8, 2025"
"New Vaccine for Hepatitis A Shows 90% Efficacy in Kinshasa","A hepatitis A vaccine in Kinshasa proves 90% effective in protecting against the virus in trials.","News","January 7, 2025"
"Researchers in Paris Link Music Therapy to Lower Depression","A Paris study finds that music therapy lowers depression symptoms by 30% in patients.","News","January 6, 2025"
"Global Initiative in Geneva Reduces Cholera Outbreaks by 20%","A WHO initiative in Geneva has decreased cholera outbreaks by 20% through water sanitation efforts.","News","January 5, 2025"
"New AI Tool in London Predicts Cancer Recurrence with 85% Accuracy","An AI tool in London predicts cancer recurrence with 85% accuracy, aiding treatment planning.","News","January 4, 2025"
"Scientists in Tokyo Develop New Therapy for Insomnia","A new therapy in Tokyo improves sleep quality by 50% in insomnia patients, using cognitive techniques.","News","January 3, 2025"
"Health Experts in Atlanta Report Drop in Heart Attack Deaths","The CDC in Atlanta announces a 12% drop in heart attack deaths due to better prevention strategies.","News","January 2, 2025"
"New Study in Berlin Links Outdoor Activity to Better Mental Health","A Berlin study shows that outdoor activity improves mental health outcomes by 18% in adults.","News","January 1, 2025"
"Global Campaign Reduces Yellow Fever Cases by 22% in 2024","A UN campaign reports a 22% reduction in yellow fever cases globally through vaccination drives.","News","February 28, 2025"
"New Device in San Francisco Detects Early Signs of Pancreatic Cancer","A device in San Francisco detects early signs of pancreatic cancer, improving survival rates by 30%.","News","February 27, 2025"
"Scientists in London Develop New Vaccine for Pneumonia","A pneumonia vaccine in London shows 91% efficacy in protecting against the disease in trials.","News","February 26, 2025"
"WHO Reports Decline in Measles Deaths Globally","The WHO announces a 20% decline in measles deaths globally due to better vaccination coverage.","News","February 25, 2025"
"New Wearable in Tokyo Monitors Glucose Levels for Diabetics","A wearable device in Tokyo monitors glucose levels non-invasively, helping 85% of diabetic users.","News","February 24, 2025"
"Scientists in Boston Develop New Treatment for Eczema","A new treatment in Boston reduces eczema symptoms by 45% in patients, using topical biologics.","News","February 23, 2025"
"Air Quality Improvements Lower Respiratory Issues in Shanghai","Shanghai reports a 15% decrease in respiratory issues following air quality improvements in 2024.","News","February 22, 2025"
"New Vaccine for Rotavirus Shows 88% Efficacy in Nairobi Trials","A rotavirus vaccine in Nairobi proves 88% effective in protecting infants in early trials.","News","February 21, 2025"
"Researchers in Paris Link Sleep to Lower Stroke Risk","A Paris study finds that quality sleep lowers stroke risk by 20% in adults over 50.","News","February 20, 2025"
"Global Initiative in Geneva Reduces HIV Transmission by 18%","A WHO initiative in Geneva has decreased HIV transmission by 18% through expanded prevention programs.","News","February 19, 2025"
"New AI Tool in London Predicts Alzheimer’s Progression with 90% Accuracy","An AI tool in London predicts Alzheimer’s progression with 90% accuracy, aiding early interventions.","News","February 18, 2025"
"Scientists in Tokyo Develop New Therapy for PTSD","A new therapy in Tokyo reduces PTSD symptoms by 40% in patients, using virtual reality techniques.","News","February 17, 2025"
"Health Experts in Atlanta Report Drop in Obesity-Related Deaths","The CDC in Atlanta announces a 10% drop in obesity-related deaths due to better health policies.","News","February 16, 2025"
"New Study in Berlin Links Hydration to Better Cognitive Function","A Berlin study shows that proper hydration improves cognitive function by 15% in adults.","News","February 15, 2025"
"Global Campaign Reduces Tuberculosis Outbreaks by 20% in 2024","A UN campaign reports a 20% reduction in tuberculosis outbreaks globally through early detection.","News","February 14, 2025"
"New Device in San Francisco Detects Early Signs of Breast Cancer","A device in San Francisco detects early signs of breast cancer, improving survival rates by 25%.","News","February 13, 2025"
"Scientists in London Develop New Vaccine for Whooping Cough","A whooping cough vaccine in London shows 90% efficacy in protecting children in trials.","News","February 12, 2025"
"WHO Reports Decline in Polio Cases Globally","The WHO announces a 22% decline in polio cases globally due to better vaccination efforts.","News","February 11, 2025"
"New Wearable in Singapore Tracks Heart Rate for Arrhythmia Detection","A wearable device in Singapore tracks heart rate, detecting arrhythmias in 80% of users.","News","February 10, 2025"
"Scientists in Boston Develop New Treatment for Psoriasis","A new treatment in Boston reduces psoriasis symptoms by 50% in patients, using advanced therapies.","News","February 9, 2025"
"Scientists in Geneva Develop New Vaccine for Leishmaniasis","A team in Geneva has developed a new leishmaniasis vaccine, showing 80% efficacy in early clinical trials.","News","March 16, 2025"
"WHO Reports 15% Decline in Global Dysentery Cases","The World Health Organization announces a 15% drop in dysentery cases in 2024 due to better sanitation.","News","March 15, 2025"
"AI Tool in Boston Detects Early Signs of Multiple Sclerosis","A new AI system in Boston can detect multiple sclerosis up to three years earlier than traditional methods.","News","March 14, 2025"
"London Researchers Link Air Pollution to Increased Anxiety Rates","A study in London finds that air pollution increases anxiety rates by 18% in urban populations.","News","March 13, 2025"
"Stem Cell Therapy Improves Mobility in Stroke Patients in Tokyo","Scientists in Tokyo used stem cell therapy to improve mobility in 65% of stroke patients in a recent trial.","News","March 12, 2025"
"UN Initiative in Kinshasa Reduces Maternal Sepsis by 10%","A UN program in Kinshasa has lowered maternal sepsis rates by 10% through better hospital hygiene in 2024.","News","March 11, 2025"
"FDA Approves New Wearable for Sleep Apnea Monitoring in Atlanta","A wearable device in Atlanta monitors sleep apnea symptoms in real-time, gaining FDA approval for public use.","News","March 10, 2025"
"Amsterdam Study Finds Link Between Exercise and Reduced Stress","Researchers in Amsterdam discover that regular exercise reduces stress symptoms by 30% in adults.","News","March 9, 2025"
"CDC Announces 10% Drop in U.S. Drug Overdose Deaths in 2024","The CDC reports a 10% decline in drug overdose deaths across the U.S. due to new prevention programs.","News","March 8, 2025"
"New Lassa Fever Vaccine Shows 85% Efficacy in Singapore","A Lassa fever vaccine developed in Singapore proves 85% effective in protecting against the virus in trials.","News","March 7, 2025"
"Scientists in Paris Develop New Drug for Fibromyalgia","A new drug in Paris reduces fibromyalgia symptoms by 40% in patients, according to recent trials.","News","March 6, 2025"
"Global Health Experts Warn of Rising Allergies in Children","The WHO reports a 20% increase in childhood allergies globally, calling for better environmental controls.","News","March 5, 2025"
"Smartwatch in Berlin Detects Early Signs of Arrhythmia","A smartwatch developed in Berlin can detect early arrhythmia signs with 90% accuracy.","News","March 4, 2025"
"European Union Reports Decline in Obesity-Related Diseases","The EU announces a 15% drop in obesity-related diseases in 2024, thanks to new health initiatives.","News","March 3, 2025"
"New Dengue Vaccine Candidate Shows Promise in Nairobi","A dengue vaccine candidate in Nairobi demonstrates 82% efficacy in protecting against the disease.","News","March 2, 2025"
"Stockholm Study Links Access to Nature to Lower Anxiety Levels","A study in Stockholm finds that access to nature reduces anxiety levels by 22% in city dwellers.","News","March 1, 2025"
"Scientists in London Perform First 3D-Printed Heart Transplant","A 50-year-old patient in London receives a 3D-printed heart transplant, a first in medical history.","News","February 28, 2025"
"Child Vaccination Rates Increase by 15% in Developing Countries","A UN program reports a 15% rise in child vaccination rates in developing nations in 2024.","News","February 27, 2025"
"New Wearable in Tokyo Detects Early Signs of Influenza","A wearable device in Tokyo can detect early influenza signs, reducing spread by 20%.","News","February 26, 2025"
"Gene Therapy Restores Speech in Mute Patients in Boston","A gene therapy trial in Boston restores speech in 60% of mute patients, a significant breakthrough.","News","February 25, 2025"
"Obesity Rates Drop in Africa Due to New Health Campaigns","The WHO reports a 6% decrease in obesity rates in Africa following new health campaigns in 2024.","News","February 24, 2025"
"Researchers in Singapore Develop Vaccine for Rift Valley Fever","A Rift Valley fever vaccine in Singapore shows 88% efficacy in protecting against the virus in trials.","News","February 23, 2025"
"AI-Powered Tool Enhances Skin Cancer Detection in London","An AI tool in London improves skin cancer detection accuracy by 25%, gaining approval for use.","News","February 22, 2025"
"Global Initiative Reduces Tuberculosis Transmission by 12%","A WHO initiative in Geneva has lowered tuberculosis transmission rates by 12% through early detection.","News","February 21, 2025"
"New Study in Paris Links Diet to Lower Cholesterol Levels","A Paris study finds that a plant-based diet reduces cholesterol levels by 15% in adults.","News","February 20, 2025"
"Health Experts in Atlanta Report Decline in Heart Attacks","The CDC in Atlanta announces a 9% drop in heart attacks due to better prevention programs.","News","February 19, 2025"
"Scientists in Berlin Develop New Treatment for Endometriosis","A new treatment in Berlin reduces endometriosis symptoms by 35% in patients, per recent trials.","News","February 18, 2025"
"Air Quality Improvements Lower Respiratory Issues in Shanghai","Shanghai reports a 10% decrease in respiratory issues following air quality improvements in 2024.","News","February 17, 2025"
"New RSV Vaccine Shows 90% Efficacy in Geneva Trials","A respiratory syncytial virus vaccine in Geneva demonstrates 90% efficacy in protecting infants.","News","February 16, 2025"
"Researchers in Boston Link Exercise to Reduced Parkinson’s Risk","A Boston study finds that regular exercise reduces Parkinson’s risk by 20% in older adults.","News","February 15, 2025"
"Global Campaign in Nairobi Reduces Malaria Cases by 18%","A WHO campaign in Nairobi has lowered malaria cases by 18% through improved prevention programs.","News","February 14, 2025"
"New Device in San Francisco Monitors Blood Pressure in Real-Time","A device in San Francisco monitors blood pressure in real-time, improving outcomes by 25%.","News","February 13, 2025"
"Scientists in London Develop New Therapy for OCD","A new therapy in London reduces OCD symptoms by 40% in patients, using cognitive techniques.","News","February 12, 2025"
"Childhood Obesity Rates Drop by 8% in Developing Nations","A UN program reports an 8% decrease in childhood obesity in developing nations in 2024.","News","February 11, 2025"
"New Study in Tokyo Links Sleep to Reduced Heart Disease Risk","A Tokyo study shows that quality sleep reduces heart disease risk by 18% in adults over 50.","News","February 10, 2025"
"Researchers in Berlin Find New Biomarker for Early Dementia Detection","A biomarker in Berlin allows for dementia detection up to five years earlier than current methods.","News","February 9, 2025"
"Global Health Experts Report Decline in Cholera Infections","The WHO announces a 15% decline in cholera infections globally due to better sanitation strategies.","News","February 8, 2025"
"New Wearable in Singapore Tracks Mental Health Indicators","A wearable device in Singapore monitors mental health indicators, helping 70% of users manage stress.","News","February 7, 2025"
"Scientists in Boston Develop New Treatment for Sciatica","A new treatment in Boston reduces sciatica pain by 45% in patients, using targeted therapy.","News","February 6, 2025"
"Air Pollution Reduction Lowers Heart Issues in Mumbai","Mumbai reports a 12% drop in heart issues following air pollution reduction efforts in 2024.","News","February 5, 2025"
"New Vaccine for Ebola Shows 90% Efficacy in Kinshasa Trials","An Ebola vaccine in Kinshasa proves 90% effective in protecting against the virus in early trials.","News","February 4, 2025"
"Researchers in Paris Link Meditation to Lower Anxiety Levels","A Paris study finds that daily meditation lowers anxiety levels by 25% in adults.","News","February 3, 2025"
"Global Initiative in Geneva Reduces Measles Outbreaks by 20%","A WHO initiative in Geneva has decreased measles outbreaks by 20% through vaccination drives.","News","February 2, 2025"
"New AI Tool in London Predicts Stroke Risk with 88% Accuracy","An AI tool in London predicts stroke risk with 88% accuracy, aiding early prevention efforts.","News","February 1, 2025"
"Scientists in Tokyo Develop New Therapy for Chronic Pain","A new therapy in Tokyo reduces chronic pain by 40% in patients, using innovative methods.","News","January 31, 2025"
"Health Experts in Atlanta Report Drop in Cancer Deaths","The CDC in Atlanta announces a 10% drop in cancer deaths due to better screening programs.","News","January 30, 2025"
"New Study in Berlin Links Green Spaces to Lower Stress Rates","A Berlin study shows that access to green spaces lowers stress rates by 20% in urban residents.","News","January 29, 2025"
"Global Campaign Reduces Polio Cases by 18% in 2024","A UN campaign reports an 18% reduction in polio cases globally through targeted vaccination efforts.","News","January 28, 2025"
"New Device in San Francisco Detects Early Signs of Pancreatic Cancer","A device in San Francisco detects early signs of pancreatic cancer, improving survival rates by 30%.","News","January 27, 2025"
"Scientists in London Develop New Vaccine for Tetanus","A tetanus vaccine in London shows 92% efficacy in protecting against the disease in trials.","News","January 26, 2025"
"WHO Reports Decline in Hepatitis B Cases Globally","The WHO announces a 20% decline in hepatitis B cases globally due to better vaccination efforts.","News","January 25, 2025"
"New Wearable in Tokyo Monitors Blood Sugar Levels for Diabetics","A wearable device in Tokyo monitors blood sugar levels non-invasively, helping 80% of diabetic users.","News","January 24, 2025"
"Scientists in Boston Develop New Treatment for Arthritis","A new treatment in Boston reduces arthritis symptoms by 40% in patients, using advanced biologics.","News","January 23, 2025"
"Air Quality Improvements Lower Allergies in Delhi","Delhi reports a 15% decrease in allergy cases following air quality improvements in 2024.","News","January 22, 2025"
"New Vaccine for Typhoid Shows 90% Efficacy in Nairobi Trials","A typhoid vaccine in Nairobi proves 90% effective in protecting against the disease in early trials.","News","January 21, 2025"
"Researchers in Paris Link Exercise to Lower Dementia Risk","A Paris study finds that regular exercise lowers dementia risk by 25% in adults over 65.","News","January 20, 2025"
"Global Initiative in Geneva Reduces Polio Outbreaks by 15%","A WHO initiative in Geneva has decreased polio outbreaks by 15% through vaccination campaigns.","News","January 19, 2025"
"New AI Tool in London Predicts Heart Disease Risk with 90% Accuracy","An AI tool in London predicts heart disease risk with 90% accuracy, aiding early prevention efforts.","News","January 18, 2025"
"Scientists in Tokyo Develop New Therapy for Depression","A new therapy in Tokyo reduces depression symptoms by 40% in patients, using mindfulness techniques.","News","January 17, 2025"
"Health Experts in Atlanta Report Drop in Obesity-Related Deaths","The CDC in Atlanta announces a 12% drop in obesity-related deaths due to better health policies.","News","January 16, 2025"
"New Study in Berlin Links Hydration to Better Cognitive Function","A Berlin study shows that proper hydration improves cognitive function by 15% in adults.","News","January 15, 2025"
"Global Campaign Reduces Dengue Fever Cases by 20% in 2024","A UN campaign reports a 20% reduction in dengue fever cases globally through mosquito control.","News","January 14, 2025"
"New Device in San Francisco Detects Early Signs of Lung Cancer","A device in San Francisco detects early signs of lung cancer, improving survival rates by 25%.","News","January 13, 2025"
"Scientists in London Develop New Vaccine for Mumps","A mumps vaccine in London shows 90% efficacy in protecting against the disease in trials.","News","January 12, 2025"
"WHO Reports Decline in Tuberculosis Deaths Globally","The WHO announces a 15% decline in tuberculosis deaths globally due to better treatment access.","News","January 11, 2025"
"New Wearable in Singapore Tracks Sleep Patterns for Better Health","A wearable device in Singapore monitors sleep patterns, helping 75% of users improve their health.","News","January 10, 2025"
"Scientists in Boston Develop New Treatment for Allergies","A new treatment in Boston reduces allergy symptoms by 40% in patients, using immunotherapy.","News","January 9, 2025"
"Air Pollution Reduction Lowers Asthma Rates in Beijing","Beijing reports a 10% drop in asthma rates following air pollution reduction efforts in 2024.","News","January 8, 2025"
"New Vaccine for Plague Shows 92% Efficacy in Kinshasa Trials","A plague vaccine in Kinshasa proves 92% effective in protecting against the disease in early trials.","News","January 7, 2025"
"Researchers in Paris Link Yoga to Lower Depression Levels","A Paris study finds that regular yoga practice lowers depression levels by 25% in adults.","News","January 6, 2025"
"Global Initiative in Geneva Reduces Cholera Outbreaks by 18%","A WHO initiative in Geneva has decreased cholera outbreaks by 18% through water sanitation efforts.","News","January 5, 2025"
"New AI Tool in London Predicts Cancer Recurrence with 90% Accuracy","An AI tool in London predicts cancer recurrence with 90% accuracy, aiding treatment planning.","News","January 4, 2025"
"Scientists in Tokyo Develop New Therapy for Insomnia","A new therapy in Tokyo improves sleep quality by 50% in insomnia patients, using cognitive techniques.","News","January 3, 2025"
"Health Experts in Atlanta Report Drop in Heart Attack Deaths","The CDC in Atlanta announces a 10% drop in heart attack deaths due to better prevention strategies.","News","January 2, 2025"
"New Study in Berlin Links Outdoor Activity to Better Mental Health","A Berlin study shows that outdoor activity improves mental health outcomes by 20% in adults.","News","January 1, 2025"
"Global Campaign Reduces Yellow Fever Cases by 20% in 2024","A UN campaign reports a 20% reduction in yellow fever cases globally through vaccination drives.","News","February 28, 2025"
"New Device in San Francisco Detects Early Signs of Ovarian Cancer","A device in San Francisco detects early signs of ovarian cancer, improving survival rates by 30%.","News","February 27, 2025"
"Scientists in London Develop New Vaccine for Rubella","A rubella vaccine in London shows 90% efficacy in protecting against the disease in trials.","News","February 26, 2025"
"WHO Reports Decline in Measles Deaths Globally","The WHO announces a 18% decline in measles deaths globally due to better vaccination coverage.","News","February 25, 2025"
"New Wearable in Tokyo Monitors Blood Oxygen Levels for Asthmatics","A wearable device in Tokyo monitors blood oxygen levels, helping 80% of asthmatic users.","News","February 24, 2025"
"Scientists in Boston Develop New Treatment for Dermatitis","A new treatment in Boston reduces dermatitis symptoms by 45% in patients, using topical therapies.","News","February 23, 2025"
"Air Quality Improvements Lower Respiratory Issues in Delhi","Delhi reports a 15% decrease in respiratory issues following air quality improvements in 2024.","News","February 22, 2025"
"New Vaccine for Rotavirus Shows 88% Efficacy in Nairobi Trials","A rotavirus vaccine in Nairobi proves 88% effective in protecting infants in early trials.","News","February 21, 2025"
"Researchers in Paris Link Sleep to Lower Depression Risk","A Paris study finds that quality sleep lowers depression risk by 20% in adults.","News","February 20, 2025"
"Global Initiative in Geneva Reduces HIV Infections by 18%","A WHO initiative in Geneva has decreased HIV infections by 18% through expanded prevention programs.","News","February 19, 2025"
"New AI Tool in London Predicts Alzheimer’s Onset with 90% Accuracy","An AI tool in London predicts Alzheimer’s onset with 90% accuracy, aiding early interventions.","News","February 18, 2025"
"Scientists in Tokyo Develop New Therapy for Anxiety","A new therapy in Tokyo reduces anxiety symptoms by 40% in patients, using mindfulness techniques.","News","February 17, 2025"
"Health Experts in Atlanta Report Drop in Obesity Incidents","The CDC in Atlanta announces a 10% drop in obesity incidents due to better health policies.","News","February 16, 2025"
"New Study in Berlin Links Hydration to Better Mental Health","A Berlin study shows that proper hydration improves mental health outcomes by 15% in adults.","News","February 15, 2025"
"Global Campaign Reduces Tuberculosis Cases by 20% in 2024","A UN campaign reports a 20% reduction in tuberculosis cases globally through early detection.","News","February 14, 2025"
"New Device in San Francisco Detects Early Signs of Prostate Cancer","A device in San Francisco detects early signs of prostate cancer, improving survival rates by 25%.","News","February 13, 2025"
"Scientists in London Develop New Vaccine for Hepatitis E","A hepatitis E vaccine in London shows 92% efficacy in protecting against the disease in trials.","News","February 12, 2025"
"WHO Reports Decline in Polio Outbreaks Globally","The WHO announces a 20% decline in polio outbreaks globally due to better vaccination efforts.","News","February 11, 2025"
"New Wearable in Singapore Tracks Heart Rate Variability","A wearable device in Singapore tracks heart rate variability, helping 75% of users manage stress.","News","February 10, 2025"
"Scientists in Buenos Aires Develop New Vaccine for Hantavirus","A team in Buenos Aires has created a hantavirus vaccine, showing 85% efficacy in early clinical trials.","News","March 16, 2025"
"UN Reports 16% Decline in Global Tetanus Cases in 2024","The United Nations announces a 16% drop in tetanus cases globally, thanks to enhanced vaccination programs.","News","March 15, 2025"
"AI System in Mumbai Detects Early Signs of Retinopathy with High Accuracy","A new AI tool in Mumbai identifies diabetic retinopathy in eye scans with 90% accuracy, preventing blindness.","News","March 14, 2025"
"Rio de Janeiro Researchers Link Sedentary Lifestyle to Increased Back Pain","A study in Rio de Janeiro finds that a sedentary lifestyle increases back pain rates by 20% in adults.","News","March 13, 2025"
"Stem Cell Therapy Restores Smell in Anosmia Patients in Helsinki","Scientists in Helsinki used stem cells to restore smell in 55% of anosmia patients in a recent trial.","News","March 12, 2025"
"UN Initiative in Harare Reduces Child Stunting by 13%","A UN program in Harare has lowered child stunting rates by 13% through improved nutrition programs.","News","March 11, 2025"
"FDA Approves New Wearable for Seizure Detection in Seattle","A wearable device in Seattle detects seizures in real-time, gaining FDA approval for epilepsy patients.","News","March 10, 2025"
"Stockholm Study Finds Link Between Antioxidants and Reduced Aging","Researchers in Stockholm discover that higher antioxidant intake reduces aging markers by 25% in adults.","News","March 9, 2025"
"CDC Reports 10% Drop in U.S. Foodborne Illness Cases in 2024","The CDC announces a 10% decline in foodborne illness cases in the U.S. due to stricter food safety regulations.","News","March 8, 2025"
"New Crimean-Congo Hemorrhagic Fever Vaccine Shows 86% Efficacy in Ankara","A Crimean-Congo hemorrhagic fever vaccine in Ankara proves 86% effective in protecting against the virus.","News","March 7, 2025"
"Scientists in Santiago Develop New Drug for Restless Leg Syndrome","A new drug in Santiago reduces restless leg syndrome symptoms by 36% in patients, per recent trials.","News","March 6, 2025"
"Global Health Experts Warn of Rising Hearing Loss in Youth","The WHO reports a 23% increase in hearing loss among youth globally, urging better noise protection.","News","March 5, 2025"
"Smartwatch in Oslo Detects Early Signs of Hypoglycemia","A smartwatch in Oslo can detect hypoglycemia in diabetics with 87% accuracy, preventing emergencies.","News","March 4, 2025"
"European Union Reports Decline in Cardiovascular Disease Cases","The EU announces a 13% drop in cardiovascular disease cases in 2024, thanks to better lifestyle campaigns.","News","March 3, 2025"
"New Onchocerciasis Treatment Shows Promise in Abidjan","A new treatment in Abidjan reduces onchocerciasis symptoms by 75% in affected patients.","News","March 2, 2025"
"Nairobi Study Links Access to Sanitation to Lower Parasitic Infections","A study in Nairobi finds that improved sanitation reduces parasitic infection rates by 19% in rural areas.","News","March 1, 2025"
"Scientists in Lisbon Perform First Lab-Grown Pancreas Transplant","A 40-year-old patient in Lisbon receives a lab-grown pancreas transplant, a first in medical history.","News","February 28, 2025"
"Child Health Programs Increase by 14% in Developing Countries","A UN program reports a 14% rise in child health programs in developing nations, improving overall health.","News","February 27, 2025"
"New Wearable in Mumbai Detects Early Signs of Heat Exhaustion","A wearable device in Mumbai can detect early heat exhaustion signs, reducing health risks by 20%.","News","February 26, 2025"
"Gene Therapy Restores Balance in Vertigo Patients in Stockholm","A gene therapy trial in Stockholm restores balance in 60% of vertigo patients, a notable achievement.","News","February 25, 2025"
"Underweight Rates Drop in Southeast Asia Due to New Nutrition Plans","The WHO reports a 7% decrease in underweight rates in Southeast Asia following new nutrition initiatives.","News","February 24, 2025"
"Researchers in Cape Town Develop Vaccine for African Swine Fever","An African swine fever vaccine in Cape Town shows 85% efficacy in protecting livestock in trials.","News","February 23, 2025"
"AI-Powered Tool Enhances Leukemia Detection in Madrid","An AI tool in Madrid improves leukemia detection accuracy by 22%, gaining approval for clinical use.","News","February 22, 2025"
"Global Initiative Reduces Trypanosomiasis Transmission by 15%","A WHO initiative in Geneva has lowered trypanosomiasis transmission rates by 15% through vector control.","News","February 21, 2025"
"New Study in Athens Links Vitamin B12 to Lower Fatigue Levels","An Athens study finds that higher vitamin B12 intake reduces fatigue levels by 18% in adults.","News","February 20, 2025"
"Health Experts in Dallas Report Decline in Childhood Diabetes Cases","The CDC in Dallas announces a 6% drop in childhood diabetes cases due to better dietary education.","News","February 19, 2025"
"Scientists in Budapest Develop New Treatment for Chronic Sinusitis","A new treatment in Budapest reduces chronic sinusitis symptoms by 34% in patients, per recent trials.","News","February 18, 2025"
"Water Quality Improvements Lower Cholera Rates in Dhaka","Dhaka reports a 13% decrease in cholera cases following water quality improvements in 2024.","News","February 17, 2025"
"New Shingles Vaccine Shows 93% Efficacy in Helsinki Trials","A shingles vaccine in Helsinki demonstrates 93% efficacy in preventing outbreaks in older adults.","News","February 16, 2025"
"Researchers in Toronto Link Cold Exposure to Improved Metabolism","A Toronto study finds that cold exposure improves metabolism by 15% in adults, aiding weight management.","News","February 15, 2025"
"Global Campaign in Accra Reduces Lymphatic Filariasis by 18%","A WHO campaign in Accra has lowered lymphatic filariasis cases by 18% through mass drug administration.","News","February 14, 2025"
"New Device in Vancouver Monitors Liver Function in Real-Time","A device in Vancouver monitors liver function in real-time, improving outcomes by 26%.","News","February 13, 2025"
"Scientists in Brussels Develop New Therapy for Hoarding Disorder","A new therapy in Brussels reduces hoarding disorder symptoms by 36% in patients, using behavioral methods.","News","February 12, 2025"
"Childhood Anemia Rates Drop by 10% in Developing Nations","A UN program reports a 10% decrease in childhood anemia in developing nations in 2024.","News","February 11, 2025"
"New Study in Rome Links Zinc Intake to Improved Immune Function","A Rome study shows that higher zinc intake improves immune function by 20% in adults.","News","February 10, 2025"
"Researchers in Prague Find New Biomarker for Early Heart Failure Detection","A biomarker in Prague allows for heart failure detection up to three years earlier than current methods.","News","February 9, 2025"
"Global Health Experts Report Decline in Echinococcosis Cases","The WHO announces a 16% decline in echinococcosis cases globally due to better animal control.","News","February 8, 2025"
"New Wearable in Nairobi Tracks UV Exposure for Skin Protection","A wearable device in Nairobi tracks UV exposure, helping 66% of users prevent skin damage.","News","February 7, 2025"
"Scientists in Montreal Develop New Treatment for Dry Eye Syndrome","A new treatment in Montreal improves dry eye symptoms by 38% in patients, using artificial tears.","News","February 6, 2025"
"Air Pollution Reduction Lowers Tonsillitis Rates in Jakarta","Jakarta reports a 12% drop in tonsillitis rates following air pollution reduction efforts in 2024.","News","February 5, 2025"
"New Vaccine for Melioidosis Shows 88% Efficacy in Bangkok Trials","A melioidosis vaccine in Bangkok proves 88% effective in protecting against the disease in trials.","News","February 4, 2025"
"Researchers in Oslo Link Tai Chi to Lower Fall Risk in Elderly","An Oslo study finds that Tai Chi lowers fall risk by 26% in elderly adults.","News","February 3, 2025"
"Global Initiative in Geneva Reduces Cysticercosis Cases by 20%","A WHO initiative in Geneva has decreased cysticercosis cases by 20% through improved sanitation.","News","February 2, 2025"
"New AI Tool in Dublin Predicts Asthma Attacks with 86% Accuracy","An AI tool in Dublin predicts asthma attacks with 86% accuracy, aiding early interventions.","News","February 1, 2025"
"Scientists in Vancouver Develop New Therapy for Trichotillomania","A new therapy in Vancouver reduces trichotillomania symptoms by 35% in patients, using habit reversal.","News","January 31, 2025"
"Health Experts in Phoenix Report Drop in Dehydration Cases","The CDC in Phoenix announces a 7% drop in dehydration cases due to better public hydration campaigns.","News","January 30, 2025"
"New Study in Helsinki Links Folate Intake to Reduced Birth Defects","A Helsinki study shows that higher folate intake reduces birth defect rates by 22% in newborns.","News","January 29, 2025"
"Global Campaign Reduces Hydatid Disease Cases by 18% in 2024","A UN campaign reports an 18% reduction in hydatid disease cases globally through animal vaccination.","News","January 28, 2025"
"New Device in Miami Detects Early Signs of Gallbladder Cancer","A device in Miami detects early signs of gallbladder cancer, improving survival rates by 27%.","News","January 27, 2025"
"Scientists in Amsterdam Develop New Vaccine for Glanders","A glanders vaccine in Amsterdam shows 87% efficacy in protecting against the infection in trials.","News","January 26, 2025"
"WHO Reports Decline in Toxoplasmosis Cases Globally","The WHO announces a 15% decline in toxoplasmosis cases globally due to better food safety practices.","News","January 25, 2025"
"New Wearable in Sydney Monitors Body Temperature for Fever Detection","A wearable device in Sydney monitors body temperature, helping 68% of users detect fevers early.","News","January 24, 2025"
"Scientists in Lisbon Develop New Treatment for Night Blindness","A new treatment in Lisbon improves night vision by 40% in patients with night blindness.","News","January 23, 2025"
"Air Quality Improvements Lower Laryngitis Rates in Manila","Manila reports a 11% decrease in laryngitis cases following air quality improvements in 2024.","News","January 22, 2025"
"New Vaccine for Q Fever Shows 90% Efficacy in Abuja Trials","A Q fever vaccine in Abuja proves 90% effective in protecting against the disease in early trials.","News","January 21, 2025"
"Researchers in Stockholm Link Dance Therapy to Lower Stress Levels","A Stockholm study finds that dance therapy lowers stress levels by 24% in adults.","News","January 20, 2025"
"Global Initiative in Geneva Reduces Schistosomiasis Cases by 17%","A WHO initiative in Geneva has decreased schistosomiasis cases by 17% through water management.","News","January 19, 2025"
"New AI Tool in Toronto Predicts Fibromyalgia Onset with 88% Accuracy","An AI tool in Toronto predicts fibromyalgia onset with 88% accuracy, aiding early interventions.","News","January 18, 2025"
"Scientists in Seoul Develop New Therapy for Body Dysmorphic Disorder","A new therapy in Seoul reduces body dysmorphic disorder symptoms by 36% in patients, using CBT.","News","January 17, 2025"
"Health Experts in Denver Report Drop in Sunburn Cases","The CDC in Denver announces a 9% drop in sunburn cases due to better sun safety education.","News","January 16, 2025"
"New Study in Copenhagen Links Protein Intake to Muscle Recovery","A Copenhagen study shows that higher protein intake improves muscle recovery by 20% in athletes.","News","January 15, 2025"
"Global Campaign Reduces Lymphatic Filariasis Cases by 20% in 2024","A UN campaign reports a 20% reduction in lymphatic filariasis cases globally through mass drug administration.","News","January 14, 2025"
"New Device in Vancouver Detects Early Signs of Brain Cancer","A device in Vancouver detects early signs of brain cancer, improving survival rates by 26%.","News","January 13, 2025"
"Scientists in Brussels Develop New Vaccine for Brucellosis","A brucellosis vaccine in Brussels shows 89% efficacy in protecting against the disease in trials.","News","January 12, 2025"
"WHO Reports Decline in Yaws Cases Globally","The WHO announces a 14% decline in yaws cases globally due to better antibiotic access.","News","January 11, 2025"
"New Wearable in Cape Town Tracks Sleep Quality for Insomnia Management","A wearable device in Cape Town tracks sleep quality, helping 70% of insomnia patients improve sleep.","News","January 10, 2025"
"Scientists in Montreal Develop New Treatment for Color Blindness","A new treatment in Montreal improves color perception by 35% in color-blind patients.","News","January 9, 2025"
"Air Quality Improvements Lower Pharyngitis Rates in Bangkok","Bangkok reports a 12% decrease in pharyngitis cases following air quality improvements in 2024.","News","January 8, 2025"
"New Vaccine for Tularemia Shows 91% Efficacy in Lima Trials","A tularemia vaccine in Lima proves 91% effective in protecting against the disease in early trials.","News","January 7, 2025"
"Researchers in Oslo Link Aromatherapy to Lower Anxiety Levels","An Oslo study finds that aromatherapy lowers anxiety levels by 26% in adults.","News","January 6, 2025"
"Global Initiative in Geneva Reduces Echinococcosis Cases by 19%","A WHO initiative in Geneva has decreased echinococcosis cases by 19% through animal vaccination programs.","News","January 5, 2025"
"New AI Tool in Dublin Predicts Gout Flare-Ups with 87% Accuracy","An AI tool in Dublin predicts gout flare-ups with 87% accuracy, aiding treatment planning.","News","January 4, 2025"
"Scientists in Vancouver Develop New Therapy for Excoriation Disorder","A new therapy in Vancouver reduces excoriation disorder symptoms by 38% in patients, using habit reversal.","News","January 3, 2025"
"Health Experts in Phoenix Report Drop in Heat Exhaustion Cases","The CDC in Phoenix announces a 8% drop in heat exhaustion cases due to better public cooling centers.","News","January 2, 2025"
"New Study in Helsinki Links Vitamin C to Reduced Cold Duration","A Helsinki study shows that higher vitamin C intake reduces cold duration by 15% in adults.","News","January 1, 2025"
"Global Campaign Reduces Cysticercosis Cases by 17% in 2024","A UN campaign reports a 17% reduction in cysticercosis cases globally through improved sanitation.","News","February 28, 2025"
"New Device in Miami Detects Early Signs of Bone Cancer","A device in Miami detects early signs of bone cancer, improving survival rates by 25%.","News","February 27, 2025"
"Scientists in Amsterdam Develop New Vaccine for Cat Scratch Disease","A cat scratch disease vaccine in Amsterdam shows 88% efficacy in protecting against the infection.","News","February 26, 2025"
"WHO Reports Decline in Relapsing Fever Cases Globally","The WHO announces a 13% decline in relapsing fever cases globally due to better tick control.","News","February 25, 2025"
"New Wearable in Sydney Monitors Breathing Patterns for COPD Management","A wearable device in Sydney monitors breathing patterns, helping 72% of COPD patients manage symptoms.","News","February 24, 2025"
"Scientists in Lisbon Develop New Treatment for Double Vision","A new treatment in Lisbon reduces double vision symptoms by 36% in patients, using eye therapy.","News","February 23, 2025"
"Air Quality Improvements Lower Ear Infections in Manila","Manila reports a 10% decrease in ear infections following air quality improvements in 2024.","News","February 22, 2025"
"New Vaccine for Plague Shows 90% Efficacy in Abuja Trials","A plague vaccine in Abuja proves 90% effective in protecting against the disease in early trials.","News","February 21, 2025"
"Researchers in Stockholm Link Nature Walks to Lower Anxiety","A Stockholm study finds that nature walks lower anxiety symptoms by 23% in adults.","News","February 20, 2025"
"Global Initiative in Geneva Reduces Toxoplasmosis Cases by 16%","A WHO initiative in Geneva has decreased toxoplasmosis cases by 16% through public health education.","News","February 19, 2025"
"New AI Tool in Toronto Predicts Lupus Onset with 89% Accuracy","An AI tool in Toronto predicts lupus onset with 89% accuracy, aiding early interventions.","News","February 18, 2025"
"Scientists in Seoul Develop New Therapy for Specific Phobias","A new therapy in Seoul reduces specific phobia symptoms by 37% in patients, using exposure therapy.","News","February 17, 2025"
"Health Experts in Denver Report Drop in Frostbite Incidents","The CDC in Denver announces a 7% drop in frostbite incidents due to better winter safety campaigns.","News","February 16, 2025"
"New Study in Copenhagen Links Omega-3 to Reduced Joint Pain","A Copenhagen study shows that higher omega-3 intake reduces joint pain by 18% in adults.","News","February 15, 2025"
"Global Campaign Reduces Schistosomiasis Cases by 18% in 2024","A UN campaign reports an 18% reduction in schistosomiasis cases globally through water management.","News","February 14, 2025"
"New Device in Vancouver Detects Early Signs of Stomach Cancer","A device in Vancouver detects early signs of stomach cancer, improving survival rates by 24%.","News","February 13, 2025"
"Scientists in Brussels Develop New Vaccine for Leptospirosis","A leptospirosis vaccine in Brussels shows 90% efficacy in protecting against the disease in trials.","News","February 12, 2025"
"WHO Reports Decline in Schistosomiasis Cases Globally","The WHO announces a 15% decline in schistosomiasis cases globally due to better water management.","News","February 11, 2025"
"New Wearable in Cape Town Tracks Mood Swings for Bipolar Management","A wearable device in Cape Town tracks mood swings, helping 68% of bipolar patients manage symptoms.","News","February 10, 2025"
"Scientists in Montreal Develop New Treatment for Lazy Eye","A new treatment in Montreal improves vision by 40% in patients with lazy eye, using vision therapy.","News","February 9, 2025"
"Scientists in Quito Develop New Vaccine for Marburg Virus","A team in Quito has created a Marburg virus vaccine, showing 84% efficacy in early clinical trials.","News","March 16, 2025"
"UN Reports 15% Decline in Global Rabies Cases in 2024","The United Nations announces a 15% drop in rabies cases globally, thanks to enhanced vaccination drives.","News","March 15, 2025"
"AI System in Bangalore Detects Early Signs of Macular Degeneration","A new AI tool in Bangalore identifies macular degeneration in eye scans with 91% accuracy.","News","March 14, 2025"
"Barcelona Researchers Link Poor Posture to Increased Neck Pain","A study in Barcelona finds that poor posture increases neck pain rates by 19% in office workers.","News","March 13, 2025"
"Stem Cell Therapy Improves Kidney Function in Patients in Warsaw","Scientists in Warsaw used stem cells to improve kidney function in 58% of patients in a recent trial.","News","March 12, 2025"
"UN Initiative in Lusaka Reduces Childhood Pneumonia by 12%","A UN program in Lusaka has lowered childhood pneumonia rates by 12% through better healthcare access.","News","March 11, 2025"
"FDA Approves New Wearable for Anxiety Monitoring in Portland","A wearable device in Portland monitors anxiety levels in real-time, gaining FDA approval for use.","News","March 10, 2025"
"Vienna Study Finds Link Between Hydration and Reduced Headaches","Researchers in Vienna discover that better hydration reduces headache frequency by 22% in adults.","News","March 9, 2025"
"CDC Reports 9% Drop in U.S. Car Accident Injuries in 2024","The CDC announces a 9% decline in car accident injuries in the U.S. due to improved safety regulations.","News","March 8, 2025"
"New H1N1 Vaccine Shows 87% Efficacy in Wellington Trials","An H1N1 vaccine developed in Wellington proves 87% effective in protecting against the flu strain.","News","March 7, 2025"
"Scientists in Kyiv Develop New Drug for Peripheral Neuropathy","A new drug in Kyiv reduces peripheral neuropathy symptoms by 37% in patients, per recent trials.","News","March 6, 2025"
"Global Health Experts Warn of Rising Sleep Apnea in Adults","The WHO reports a 21% increase in sleep apnea cases among adults globally, urging sleep studies.","News","March 5, 2025"
"Smartwatch in Zagreb Detects Early Signs of Bradycardia","A smartwatch in Zagreb can detect bradycardia with 86% accuracy, helping prevent heart complications.","News","March 4, 2025"
"European Union Reports Decline in Diabetes Complications","The EU announces a 12% drop in diabetes complications in 2024, thanks to better glucose monitoring.","News","March 3, 2025"
"New Trichinosis Treatment Shows Promise in Montevideo","A new treatment in Montevideo reduces trichinosis symptoms by 70% in affected patients.","News","March 2, 2025"
"Amman Study Links Access to Exercise to Lower Obesity Rates","A study in Amman finds that increased exercise access reduces obesity rates by 17% in urban areas.","News","March 1, 2025"
"Scientists in Bucharest Perform First Lab-Grown Cornea Transplant","A 38-year-old patient in Bucharest receives a lab-grown cornea transplant, a medical breakthrough.","News","February 28, 2025"
"Child Dental Care Programs Increase by 13% in Developing Countries","A UN program reports a 13% rise in child dental care programs in developing nations.","News","February 27, 2025"
"New Wearable in Bangalore Detects Early Signs of Hypothermia","A wearable device in Bangalore can detect early hypothermia signs, reducing health risks by 21%.","News","February 26, 2025"
"Gene Therapy Restores Muscle Strength in Muscular Dystrophy Patients in Prague","A gene therapy trial in Prague restores muscle strength in 62% of muscular dystrophy patients.","News","February 25, 2025"
"Overweight Rates Drop in Latin America Due to New Diets","The WHO reports a 8% decrease in overweight rates in Latin America following new dietary guidelines.","News","February 24, 2025"
"Researchers in Christchurch Develop Vaccine for Ross River Virus","A Ross River virus vaccine in Christchurch shows 86% efficacy in protecting against the virus.","News","February 23, 2025"
"AI-Powered Tool Enhances Liver Cancer Detection in Valencia","An AI tool in Valencia improves liver cancer detection accuracy by 21%, gaining approval for use.","News","February 22, 2025"
"Global Initiative Reduces Taeniasis Transmission by 14%","A WHO initiative in Geneva has lowered taeniasis transmission rates by 14% through parasite control.","News","February 21, 2025"
"New Study in Sofia Links Potassium Intake to Lower Blood Pressure","A Sofia study finds that higher potassium intake reduces blood pressure by 16% in adults.","News","February 20, 2025"
"Health Experts in Minneapolis Report Decline in Pediatric Flu Cases","The CDC in Minneapolis announces a 5% drop in pediatric flu cases due to better vaccination rates.","News","February 19, 2025"
"Scientists in Tallinn Develop New Treatment for Plantar Fasciitis","A new treatment in Tallinn reduces plantar fasciitis pain by 33% in patients, per recent trials.","News","February 18, 2025"
"Water Quality Improvements Lower Typhoid Rates in Karachi","Karachi reports a 11% decrease in typhoid cases following water quality improvements in 2024.","News","February 17, 2025"
"New Pertussis Vaccine Shows 92% Efficacy in Reykjavik Trials","A pertussis vaccine in Reykjavik demonstrates 92% efficacy in preventing whooping cough in children.","News","February 16, 2025"
"Researchers in Edmonton Link Sunlight to Reduced Seasonal Affective Disorder","An Edmonton study finds that increased sunlight reduces seasonal affective disorder by 19% in adults.","News","February 15, 2025"
"Global Campaign in Bamako Reduces River Blindness by 16%","A WHO campaign in Bamako has lowered river blindness cases by 16% through mass drug administration.","News","February 14, 2025"
"New Device in Ottawa Monitors Pancreatic Function in Real-Time","A device in Ottawa monitors pancreatic function in real-time, improving outcomes by 24%.","News","February 13, 2025"
"Scientists in Ljubljana Develop New Therapy for Kleptomania","A new therapy in Ljubljana reduces kleptomania symptoms by 34% in patients, using behavioral methods.","News","February 12, 2025"
"Childhood Vision Problems Drop by 9% in Developing Nations","A UN program reports a 9% decrease in childhood vision problems in developing nations in 2024.","News","February 11, 2025"
"New Study in Bratislava Links Selenium to Improved Thyroid Health","A Bratislava study shows that higher selenium intake improves thyroid health by 18% in adults.","News","February 10, 2025"
"Researchers in Riga Find New Biomarker for Early Liver Cirrhosis Detection","A biomarker in Riga allows for liver cirrhosis detection up to two years earlier than current methods.","News","February 9, 2025"
"Global Health Experts Report Decline in Dengue Hemorrhagic Fever Cases","The WHO announces a 15% decline in dengue hemorrhagic fever cases globally due to better prevention.","News","February 8, 2025"
"New Wearable in Lima Tracks Motion for Parkinson’s Management","A wearable device in Lima tracks motion, helping 64% of Parkinson’s patients manage symptoms.","News","February 7, 2025"
"Scientists in Winnipeg Develop New Treatment for Carpal Tunnel Syndrome","A new treatment in Winnipeg reduces carpal tunnel syndrome symptoms by 39% in patients.","News","February 6, 2025"
"Air Pollution Reduction Lowers Bronchiolitis Rates in Ho Chi Minh City","Ho Chi Minh City reports a 10% drop in bronchiolitis rates following air pollution reduction efforts.","News","February 5, 2025"
"New Vaccine for Histoplasmosis Shows 89% Efficacy in San Juan Trials","A histoplasmosis vaccine in San Juan proves 89% effective in protecting against the fungal infection.","News","February 4, 2025"
"Researchers in Vilnius Link Acupuncture to Lower Chronic Pain","A Vilnius study finds that acupuncture lowers chronic pain levels by 23% in adults.","News","February 3, 2025"
"Global Initiative in Geneva Reduces Ascariasis Cases by 18%","A WHO initiative in Geneva has decreased ascariasis cases by 18% through improved sanitation.","News","February 2, 2025"
"New AI Tool in Belgrade Predicts Epilepsy Seizures with 85% Accuracy","An AI tool in Belgrade predicts epilepsy seizures with 85% accuracy, aiding early interventions.","News","February 1, 2025"
"Scientists in Reykjavik Develop New Therapy for Hypochondria","A new therapy in Reykjavik reduces hypochondria symptoms by 36% in patients, using cognitive methods.","News","January 31, 2025"
"Health Experts in Raleigh Report Drop in Lyme Disease Cases","The CDC in Raleigh announces a 6% drop in Lyme disease cases due to better tick control measures.","News","January 30, 2025"
"New Study in Tallinn Links Curcumin to Reduced Inflammation","A Tallinn study shows that curcumin intake reduces inflammation markers by 17% in adults.","News","January 29, 2025"
"Global Campaign Reduces Strongyloidiasis Cases by 17% in 2024","A UN campaign reports a 17% reduction in strongyloidiasis cases globally through deworming programs.","News","January 28, 2025"
"New Device in Winnipeg Detects Early Signs of Oral Cancer","A device in Winnipeg detects early signs of oral cancer, improving survival rates by 23%.","News","January 27, 2025"
"Scientists in Amsterdam Develop New Vaccine for Psittacosis","A psittacosis vaccine in Amsterdam shows 88% efficacy in protecting against the infection in trials.","News","January 26, 2025"
"WHO Reports Decline in Trichinosis Cases Globally","The WHO announces a 14% decline in trichinosis cases globally due to better meat inspection practices.","News","January 25, 2025"
"New Wearable in Lima Tracks Heart Rhythm for Arrhythmia Detection","A wearable device in Lima tracks heart rhythm, helping 66% of arrhythmia patients manage their condition.","News","January 24, 2025"
"Scientists in Lisbon Develop New Treatment for Hyperhidrosis","A new treatment in Lisbon reduces hyperhidrosis symptoms by 38% in patients, using iontophoresis.","News","January 23, 2025"
"Air Quality Improvements Lower Conjunctivitis Rates in Hanoi","Hanoi reports a 11% decrease in conjunctivitis cases following air quality improvements in 2024.","News","January 22, 2025"
"New Vaccine for Valley Fever Shows 90% Efficacy in Phoenix Trials","A valley fever vaccine in Phoenix proves 90% effective in protecting against the fungal infection.","News","January 21, 2025"
"Researchers in Riga Link Forest Bathing to Lower Blood Pressure","A Riga study finds that forest bathing lowers blood pressure by 15% in adults.","News","January 20, 2025"
"Global Initiative in Geneva Reduces Hookworm Cases by 16%","A WHO initiative in Geneva has decreased hookworm cases by 16% through improved sanitation.","News","January 19, 2025"
"New AI Tool in Belgrade Predicts Migraine Onset with 87% Accuracy","An AI tool in Belgrade predicts migraine onset with 87% accuracy, aiding early interventions.","News","January 18, 2025"
"Scientists in Reykjavik Develop New Therapy for Insomnia","A new therapy in Reykjavik improves sleep quality by 37% in insomnia patients, using light therapy.","News","January 17, 2025"
"Health Experts in Raleigh Report Drop in West Nile Virus Cases","The CDC in Raleigh announces a 5% drop in West Nile virus cases due to better mosquito control.","News","January 16, 2025"
"New Study in Tallinn Links Laughter to Reduced Stress Levels","A Tallinn study shows that regular laughter reduces stress levels by 16% in adults.","News","January 15, 2025"
"Global Campaign Reduces Taeniasis Cases by 15% in 2024","A UN campaign reports a 15% reduction in taeniasis cases globally through parasite control programs.","News","January 14, 2025"
"New Device in Winnipeg Detects Early Signs of Skin Cancer","A device in Winnipeg detects early signs of skin cancer, improving survival rates by 22%.","News","January 13, 2025"
"Scientists in Amsterdam Develop New Vaccine for Rat-Bite Fever","A rat-bite fever vaccine in Amsterdam shows 89% efficacy in protecting against the infection.","News","January 12, 2025"
"WHO Reports Decline in Strongyloidiasis Cases Globally","The WHO announces a 13% decline in strongyloidiasis cases globally due to better deworming efforts.","News","January 11, 2025"
"New Wearable in Lima Tracks Posture for Scoliosis Management","A wearable device in Lima tracks posture, helping 65% of scoliosis patients manage their condition.","News","January 10, 2025"
"Scientists in Lisbon Develop New Treatment for Bell’s Palsy","A new treatment in Lisbon improves facial movement by 35% in Bell’s palsy patients.","News","January 9, 2025"
"Air Quality Improvements Lower Rhinitis Rates in Ho Chi Minh City","Ho Chi Minh City reports a 10% decrease in rhinitis cases following air quality improvements in 2024.","News","January 8, 2025"
"New Vaccine for Coccidioidomycosis Shows 91% Efficacy in Tucson Trials","A coccidioidomycosis vaccine in Tucson proves 91% effective in protecting against the fungal infection.","News","January 7, 2025"
"Researchers in Riga Link Massage Therapy to Lower Muscle Tension","A Riga study finds that massage therapy lowers muscle tension by 24% in adults.","News","January 6, 2025"
"Global Initiative in Geneva Reduces Trichuriasis Cases by 15%","A WHO initiative in Geneva has decreased trichuriasis cases by 15% through improved sanitation.","News","January 5, 2025"
"New AI Tool in Belgrade Predicts Arthritis Flare-Ups with 86% Accuracy","An AI tool in Belgrade predicts arthritis flare-ups with 86% accuracy, aiding treatment planning.","News","January 4, 2025"
"Scientists in Reykjavik Develop New Therapy for Seasonal Allergies","A new therapy in Reykjavik reduces seasonal allergy symptoms by 36% in patients, using immunotherapy.","News","January 3, 2025"
"Health Experts in Raleigh Report Drop in Eastern Equine Encephalitis Cases","The CDC in Raleigh announces a 6% drop in Eastern equine encephalitis cases due to mosquito control.","News","January 2, 2025"
"New Study in Tallinn Links Green Tea to Reduced Cholesterol","A Tallinn study shows that green tea consumption reduces cholesterol levels by 15% in adults.","News","January 1, 2025"
"Scientists in Lima Develop New Vaccine for Alkhurma Hemorrhagic Fever","A team in Lima has created an Alkhurma hemorrhagic fever vaccine, showing 81% efficacy in trials.","News","March 16, 2025"
"UN Reports 12% Decline in Global Mumps Cases in 2024","The United Nations announces a 12% drop in mumps cases globally, thanks to vaccination efforts.","News","March 15, 2025"
"AI System in Kolkata Detects Early Signs of Glaucoma with High Accuracy","A new AI tool in Kolkata identifies glaucoma in eye scans with 88% accuracy, preventing blindness.","News","March 14, 2025"
"Budapest Researchers Link Caffeine Overuse to Increased Anxiety","A study in Budapest finds that caffeine overuse increases anxiety rates by 16% in adults.","News","March 13, 2025"
"Stem Cell Therapy Improves Skin Elasticity in Burn Patients in Ljubljana","Scientists in Ljubljana used stem cells to improve skin elasticity in 55% of burn patients.","News","March 12, 2025"
"UN Initiative in Windhoek Reduces Childhood Tuberculosis by 9%","A UN program in Windhoek has lowered childhood tuberculosis rates by 9% through screening.","News","March 11, 2025"
"FDA Approves New Wearable for Bipolar Disorder Monitoring in Boise","A wearable device in Boise monitors bipolar disorder symptoms, gaining FDA approval for use.","News","March 10, 2025"
"Copenhagen Study Finds Link Between Fasting and Reduced Inflammation","Researchers in Copenhagen discover that intermittent fasting reduces inflammation by 17% in adults.","News","March 9, 2025"
"CDC Reports 6% Drop in U.S. Bicycle Accident Injuries in 2024","The CDC announces a 6% decline in bicycle accident injuries due to enhanced helmet use.","News","March 8, 2025"
"New Zika Virus Variant Vaccine Shows 85% Efficacy in Port Moresby Trials","A Zika virus variant vaccine in Port Moresby proves 85% effective in protecting against new strains.","News","March 7, 2025"
"Scientists in Tirana Develop New Drug for Multiple Sclerosis","A new drug in Tirana reduces multiple sclerosis symptoms by 33% in patients, per recent trials.","News","March 6, 2025"
"Global Health Experts Warn of Rising Postural Orthostatic Tachycardia Syndrome","The WHO reports a 18% increase in POTS cases globally, urging better diagnostic tools.","News","March 5, 2025"
"Smartwatch in Skopje Detects Early Signs of Hyperkalemia","A smartwatch in Skopje can detect hyperkalemia with 83% accuracy, preventing kidney issues.","News","March 4, 2025"
"European Union Reports Decline in Musculoskeletal Disorders","The EU announces a 9% drop in musculoskeletal disorders in 2024, thanks to ergonomic improvements.","News","March 3, 2025"
"New Hemophilia Treatment Shows Promise in San Salvador","A new treatment in San Salvador improves clotting factors by 55% in hemophilia patients.","News","March 2, 2025"
"Dubai Study Links Access to Gyms to Lower Cardiovascular Risk","A study in Dubai finds that gym access reduces cardiovascular risk by 14% in adults.","News","March 1, 2025"
"Scientists in Riga Perform First Lab-Grown Esophagus Transplant","A 39-year-old patient in Riga receives a lab-grown esophagus transplant, a medical breakthrough.","News","February 28, 2025"
"Child Speech Therapy Programs Increase by 10% in Developing Countries","A UN program reports a 10% rise in child speech therapy programs in developing nations.","News","February 27, 2025"
"New Wearable in Kolkata Detects Early Signs of Jet Lag","A wearable device in Kolkata can detect early jet lag signs, reducing discomfort by 17%.","News","February 26, 2025"
"Gene Therapy Restores Liver Function in Cirrhosis Patients in Vilnius","A gene therapy trial in Vilnius restores liver function in 57% of cirrhosis patients.","News","February 25, 2025"
"Malnutrition Rates Drop in Central America Due to New Food Banks","The WHO reports a 7% decrease in malnutrition rates in Central America following new food banks.","News","February 24, 2025"
"Researchers in Hobart Develop Vaccine for Murray Valley Encephalitis","A Murray Valley encephalitis vaccine in Hobart shows 83% efficacy in protecting against the virus.","News","February 23, 2025"
"AI-Powered Tool Enhances Kidney Cancer Detection in Genoa","An AI tool in Genoa improves kidney cancer detection accuracy by 18%, gaining approval for use.","News","February 22, 2025"
"Global Initiative Reduces Loiasis Transmission by 11%","A WHO initiative in Geneva has lowered loiasis transmission rates by 11% through vector control.","News","February 21, 2025"
"New Study in Skopje Links Resveratrol to Reduced Aging Signs","A Skopje study finds that resveratrol intake reduces aging signs by 13% in adults.","News","February 20, 2025"
"Health Experts in Tampa Report Decline in Pediatric Chickenpox Cases","The CDC in Tampa announces a 5% drop in pediatric chickenpox cases due to vaccination efforts.","News","February 19, 2025"
"Scientists in Ljubljana Develop New Treatment for Dupuytren’s Contracture","A new treatment in Ljubljana reduces Dupuytren’s contracture stiffness by 30% in patients.","News","February 18, 2025"
"Water Quality Improvements Lower Gastroenteritis Rates in Rangoon","Rangoon reports a 8% decrease in gastroenteritis cases following water quality improvements in 2024.","News","February 17, 2025"
"New Polio Vaccine Shows 89% Efficacy in Reykjavik Trials","A polio vaccine in Reykjavik demonstrates 89% efficacy in preventing infections in children.","News","February 16, 2025"
"Researchers in Winnipeg Link Cryotherapy to Reduced Muscle Soreness","A Winnipeg study finds that cryotherapy reduces muscle soreness by 15% in athletes.","News","February 15, 2025"
"Global Campaign in Monrovia Reduces Leishmaniasis by 13%","A WHO campaign in Monrovia has lowered leishmaniasis cases by 13% through insecticide use.","News","February 14, 2025"
"New Device in Quebec City Monitors Muscle Activity in Real-Time","A device in Quebec City monitors muscle activity in real-time, improving outcomes by 19%.","News","February 13, 2025"
"Scientists in Skopje Develop New Therapy for Intermittent Explosive Disorder","A new therapy in Skopje reduces intermittent explosive disorder symptoms by 31% in patients.","News","February 12, 2025"
"Childhood Asthma Rates Drop by 6% in Developing Nations","A UN program reports a 6% decrease in childhood asthma in developing nations in 2024.","News","February 11, 2025"
"New Study in Zagreb Links Chlorella to Improved Detoxification","A Zagreb study shows that chlorella improves detoxification by 14% in adults with toxin exposure.","News","February 10, 2025"
"Researchers in Vilnius Find New Biomarker for Early Brain Tumor Detection","A biomarker in Vilnius allows for brain tumor detection up to two years earlier than current methods.","News","February 9, 2025"
"Global Health Experts Report Decline in Lassa Fever Cases","The WHO announces a 12% decline in Lassa fever cases globally due to better rodent control.","News","February 8, 2025"
"New Wearable in Quito Tracks Eye Movement for Concussion Detection","A wearable device in Quito tracks eye movement, helping 61% of concussion patients get diagnosed early.","News","February 7, 2025"
"Scientists in Halifax Develop New Treatment for Gouty Arthritis","A new treatment in Halifax reduces gouty arthritis pain by 34% in patients, using uric acid therapy.","News","February 6, 2025"
"Air Pollution Reduction Lowers Pleurisy Rates in Jakarta","Jakarta reports a 7% drop in pleurisy rates following air pollution reduction efforts in 2024.","News","February 5, 2025"
"New Vaccine for Mucormycosis Shows 86% Efficacy in Albuquerque Trials","A mucormycosis vaccine in Albuquerque proves 86% effective in protecting against the fungal infection.","News","February 4, 2025"
"Researchers in Tallinn Link Qigong to Lower Blood Pressure","A Tallinn study finds that qigong lowers blood pressure by 14% in adults with hypertension.","News","February 3, 2025"
"Global Initiative in Geneva Reduces Enterovirus Cases by 12%","A WHO initiative in Geneva has decreased enterovirus cases by 12% through hygiene education.","News","February 2, 2025"
"New AI Tool in Ljubljana Predicts Multiple Sclerosis with 82% Accuracy","An AI tool in Ljubljana predicts multiple sclerosis with 82% accuracy, aiding early interventions.","News","February 1, 2025"
"Scientists in Reykjavik Develop New Therapy for Claustrophobia","A new therapy in Reykjavik reduces claustrophobia symptoms by 32% in patients, using exposure therapy.","News","January 31, 2025"
"Health Experts in Raleigh Report Drop in La Crosse Encephalitis Cases","The CDC in Raleigh announces a 3% drop in La Crosse encephalitis cases due to mosquito control.","News","January 30, 2025"
"New Study in Vilnius Links Ashwagandha to Reduced Stress","A Vilnius study shows that ashwagandha reduces stress levels by 13% in adults.","News","January 29, 2025"
"Global Campaign Reduces Toxoplasmosis Cases by 13% in 2024","A UN campaign reports a 13% reduction in toxoplasmosis cases globally through food safety programs.","News","January 28, 2025"
"New Device in Halifax Detects Early Signs of Cervical Cancer","A device in Halifax detects early signs of cervical cancer, improving survival rates by 18%.","News","January 27, 2025"
"Scientists in Amsterdam Develop New Vaccine for Sporotrichosis","A sporotrichosis vaccine in Amsterdam shows 85% efficacy in protecting against the infection.","News","January 26, 2025"
"WHO Reports Decline in Ascariasis Cases Globally","The WHO announces a 9% decline in ascariasis cases globally due to better sanitation efforts.","News","January 25, 2025"
"New Wearable in Quito Tracks Gait for Parkinson’s Monitoring","A wearable device in Quito tracks gait, helping 60% of Parkinson’s patients manage symptoms.","News","January 24, 2025"
"Scientists in Lisbon Develop New Treatment for Sleep Paralysis","A new treatment in Lisbon reduces sleep paralysis episodes by 35% in patients, using therapy.","News","January 23, 2025"
"Air Quality Improvements Lower Bronchiectasis Rates in Hanoi","Hanoi reports a 8% decrease in bronchiectasis cases following air quality improvements in 2024.","News","January 22, 2025"
"New Vaccine for Histoplasmosis Shows 87% Efficacy in Phoenix Trials","A histoplasmosis vaccine in Phoenix proves 87% effective in protecting against the fungal infection.","News","January 21, 2025"
"Researchers in Riga Link Feldenkrais Method to Lower Back Pain","A Riga study finds that the Feldenkrais method lowers back pain by 16% in adults.","News","January 20, 2025"
"Global Initiative in Geneva Reduces Hookworm Cases by 10%","A WHO initiative in Geneva has decreased hookworm cases by 10% through improved sanitation.","News","January 19, 2025"
"New AI Tool in Belgrade Predicts Anxiety Disorders with 81% Accuracy","An AI tool in Belgrade predicts anxiety disorders with 81% accuracy, aiding early interventions.","News","January 18, 2025"
"Scientists in Reykjavik Develop New Therapy for Dyslexia","A new therapy in Reykjavik improves reading skills by 33% in dyslexic children, using tutoring.","News","January 17, 2025"
"Health Experts in Raleigh Report Drop in California Encephalitis Cases","The CDC in Raleigh announces a 4% drop in California encephalitis cases due to mosquito control.","News","January 16, 2025"
"New Study in Tallinn Links Spirulina to Reduced Fatigue","A Tallinn study shows that spirulina reduces fatigue by 12% in adults with low energy.","News","January 15, 2025"
"Global Campaign Reduces Enterobiasis Cases by 12% in 2024","A UN campaign reports a 12% reduction in enterobiasis cases globally through hygiene programs.","News","January 14, 2025"
"New Device in Winnipeg Detects Early Signs of Uterine Cancer","A device in Winnipeg detects early signs of uterine cancer, improving survival rates by 17%.","News","January 13, 2025"
"Scientists in Amsterdam Develop New Vaccine for Nocardiosis","A nocardiosis vaccine in Amsterdam shows 84% efficacy in protecting against the infection.","News","January 12, 2025"
"WHO Reports Decline in Trichuriasis Cases Globally","The WHO announces a 8% decline in trichuriasis cases globally due to better sanitation efforts.","News","January 11, 2025"
"New Wearable in Lima Tracks Breathing for Sleep Apnea Management","A wearable device in Lima tracks breathing, helping 59% of sleep apnea patients manage symptoms.","News","January 10, 2025"
"Scientists in Lisbon Develop New Treatment for Jaw Pain","A new treatment in Lisbon reduces jaw pain by 34% in patients, using physical therapy.","News","January 9, 2025"
"Air Quality Improvements Lower Tracheitis Rates in Colombo","Colombo reports a 7% decrease in tracheitis cases following air quality improvements in 2024.","News","January 8, 2025"
"New Vaccine for Paracoccidioidomycosis Shows 86% Efficacy in Tucson Trials","A paracoccidioidomycosis vaccine in Tucson proves 86% effective in protecting against the fungal infection.","News","January 7, 2025"
"Researchers in Riga Link Tai Chi to Lower Knee Pain","A Riga study finds that Tai Chi lowers knee pain by 15% in adults with arthritis.","News","January 6, 2025"
"Global Initiative in Geneva Reduces Toxocariasis Cases by 11%","A WHO initiative in Geneva has decreased toxocariasis cases by 11% through pet vaccination programs.","News","January 5, 2025"
"New AI Tool in Belgrade Predicts Depression Onset with 80% Accuracy","An AI tool in Belgrade predicts depression onset with 80% accuracy, aiding early interventions.","News","January 4, 2025"
"Scientists in Reykjavik Develop New Therapy for Enuresis","A new therapy in Reykjavik reduces enuresis episodes by 31% in children, using bladder training.","News","January 3, 2025"
"Health Experts in Raleigh Report Drop in Snowshoe Hare Virus Cases","The CDC in Raleigh announces a 3% drop in snowshoe hare virus cases due to rodent control.","News","January 2, 2025"
"New Study in Tallinn Links Hibiscus to Reduced Blood Pressure","A Tallinn study shows that hibiscus reduces blood pressure by 11% in adults with hypertension.","News","January 1, 2025"
